SampleID	Weight11ClusterDysbio	ReRefNeighbor11ClusterDysbio	Neighbor11ClusterDysbio	unNeighborClusters	SimpleID
SRR1185478.fastq.gz	1	1	1	1	D1
SRR1185485.fastq.gz	2	unClustered	1	1	D2
SRR1185495.fastq.gz	3	3	3	3	D3
SRR1010372	3	3	3	3	D4
SRR1010374	4	unClustered	4	unClustered	D5
SRR1010381	4	4	4	4	D6
SRR1010384	4	4	4	4	D7
SRR1010397	4	4	4	4	D8
SRR1010399	3	unClustered	4	4	D9
SRR1010402	4	4	4	4	D10
SRR1010404	5	unClustered	6	6	D11
SRR1010406	5	unClustered	6	6	D12
SRR1010408	4	4	4	4	D13
SRR1010410	6	6	6	6	D14
SRR1010412	4	4	4	4	D15
SRR1010418	4	4	4	4	D16
SRR515303	5	unClustered	5	5	D17
SRR515350	5	unClustered	5	5	D18
SRR1169796	1	1	1	1	D19
SRR1169799	7	7	7	7	D20
SRR1169801	2	unClustered	1	1	D21
SRR1169803	2	unClustered	2	unClustered	D22
SRR1169805	1	1	1	1	D23
SRR1169808	1	1	1	1	D24
SRR1169811	5	unClustered	3	unClustered	D25
SRR1169814	5	unClustered	5	5	D26
SRR1169818	3	unClustered	3	unClustered	D27
SRR1169821	5	unClustered	5	5	D28
SRR1169824	2	2	2	2	D29
SRR1169827	3	unClustered	2	2	D30
SRR1169830	1	1	1	1	D31
FMT.001.1	3	unClustered	2	2	D32
FMT.002.1	2	2	2	2	D33
FMT.003.1	6	6	6	6	D34
FMT.004.1	1	1	1	1	D35
FMT.005.1	3	unClustered	3	3	D36
FMT.007.1	1	1	1	1	D37
FMT.009.1	5	unClustered	10	unClustered	D38
FMT.011.1	8	8	8	8	D39
FMT.014.1	1	1	1	1	D40
FMT.015.1	1	1	1	1	D41
FMT.017.1	1	1	1	1	D42
FMT.018.1	3	3	3	unClustered	D43
FMT.023.1	1	1	1	1	D44
FMT.024.1	2	2	2	2	D45
FMT.025.1	1	1	1	1	D46
FMT.027.1	2	unClustered	2	2	D47
SRR3214678	9	unClustered	9	9	D48
SRR3214680	3	unClustered	3	unClustered	D49
SRR3214684	7	unClustered	3	3	D50
SRR3214690	7	7	7	7	D51
SRR3214694	9	9	9	9	D52
SRR3285803	10	10	10	10	D53
SRR3201875	8	8	8	8	D54
SRR3201881	11	11	11	11	D55
SRR3201885	11	11	11	11	D56
SRR3201888	3	3	3	3	D57
SRR3201892	3	unClustered	2	2	D58
SRR3201896	11	11	11	11	D59
SRR3201899	1	1	1	1	D60
SRR3201905	11	11	11	11	D61
SRR3201907	2	2	2	2	D62
SRR3201912	9	9	9	9	D63
SRR3201915	2	2	2	2	D64
SRR3201918	11	11	11	11	D65
SRR3201923	1	1	1	1	D66
SRR3201927	2	unClustered	2	unClustered	D67
SRR3201928	3	unClustered	2	unClustered	D68
SRR3201932	9	9	9	9	D69
SRR3201935	3	unClustered	2	2	D70
SRR3201937	1	1	1	1	D71
SRR3201960	7	7	7	7	D72
SRR3201963	1	1	1	1	D73
SRR3201966	10	10	10	10	D74
SRR3201969	5	unClustered	7	unClustered	D75
SRR3201974	9	9	9	9	D76
SRR3201975	7	7	7	7	D77
SRR3201979	1	1	1	1	D78
SRR3201989	10	10	10	10	D79
SRR3201990	10	10	10	10	D80
SRR3400376	10	10	10	10	D81
SRR3400380	3	3	3	3	D82
SRR3400388	5	unClustered	5	unClustered	D83
SRR3400392	8	unClustered	10	10	D84
SRR3400395	2	2	2	2	D85
SRR3660084	5	unClustered	10	unClustered	D86
SRR3933894	2	2	2	2	D87
SRR3933895	3	3	3	3	D88
SRR3933903	7	7	7	7	D89
SRR3933904	3	unClustered	3	unClustered	D90
SRR3933911	9	9	9	9	D91
SRR4419424	2	unClustered	2	unClustered	D92
SRR4419430	2	unClustered	2	unClustered	D93
SRR4419439	3	unClustered	3	3	D94
SRR4419441	5	unClustered	10	unClustered	D95
SRR4419445	10	unClustered	10	unClustered	D96
SRR4419449	10	10	10	10	D97
SRR4419456	2	2	2	2	D98
SRR5011254	2	unClustered	2	2	D99
SRR5238668	1	1	1	1	D100
SRR5238677	9	unClustered	9	9	D101
SRR5238689	2	2	2	2	D102
SRR5238692	3	unClustered	3	3	D103
SRR5238693	2	2	2	2	D104
SRR5238709	3	unClustered	3	unClustered	D105
SRR5238715	5	unClustered	10	unClustered	D106
SRR5238720	2	2	2	2	D107
SRR5238725	5	unClustered	9	9	D108
SRR5275165	2	unClustered	3	3	D109
SRR5275168	10	10	10	10	D110
SRR5275171	10	10	10	10	D111
SRR5489039	8	8	8	8	D112
SRR5489042	2	2	2	2	D113
SRR5489060	1	1	1	1	D114
SRR5489063	2	unClustered	2	2	D115
SRR5489068	9	unClustered	7	unClustered	D116
SRR5489075	7	7	7	7	D117
SRR5489077	8	unClustered	8	8	D118
SRR5489082	10	10	10	10	D119
SRR5535499	10	10	10	10	D120
SRR5535502	8	unClustered	9	9	D121
SRR5861900	8	unClustered	8	8	D122
SRR5861901	10	10	10	10	D123
SRR5861906	10	10	10	10	D124
SRR6248887	9	9	9	9	D125
SRR6248889	2	unClustered	1	1	D126
SRR6248892	9	9	9	9	D127
SRR6248898	7	7	7	7	D128
SRR6248903	5	unClustered	10	10	D129
SRR6248905	3	3	3	3	D130
SRR6337929	3	unClustered	3	unClustered	D131
SRR6337933	4	unClustered	4	4	D132
SRR6337937	5	unClustered	3	3	D133
SRR7235937	2	unClustered	2	unClustered	D134
SRR7235942	3	unClustered	3	unClustered	D135
SRR8522787	10	10	10	10	D136
SRR8522799	2	unClustered	2	unClustered	D137
SRR8522802	10	10	10	10	D138
SRR8522810	10	10	10	10	D139
SRR8522811	7	unClustered	7	7	D140
SRR8522813	10	10	10	10	D141
SRR8522819	10	10	10	10	D142
SRR8522822	10	10	10	10	D143
SRR8522824	9	unClustered	9	9	D144
SRR8522828	10	10	10	10	D145
SRR8522831	2	unClustered	1	1	D146
SRR8522832	10	10	10	10	D147
SRR8522833	10	10	10	10	D148
SRR8522835	5	unClustered	5	5	D149
SRR8522839	10	10	10	10	D150
SRR8522841	10	10	10	10	D151
SRR8522846	10	10	10	10	D152
SRR10910957	3	3	3	3	D153
SRR10910963	10	10	10	10	D154
SRR10910967	3	unClustered	3	3	D155
SRR10910971	3	unClustered	2	2	D156
SRR10910973	3	unClustered	3	unClustered	D157
SRR10910981	5	unClustered	3	3	D158
SRR10910985	3	unClustered	3	unClustered	D159
SRR10910988	8	unClustered	8	8	D160
SRR10910993	3	unClustered	3	unClustered	D161
SRR10910998	3	3	3	3	D162
SRR10910999	5	unClustered	3	3	D163
SRR10911002	3	unClustered	3	3	D164
SRR10911006	3	unClustered	7	unClustered	D165
SRR10911008	5	unClustered	5	unClustered	D166
SRR10911014	8	8	8	8	D167
SRR10911018	8	8	8	8	D168
SRR10911024	3	unClustered	3	3	D169
SRR10911025	3	3	3	3	D170
SRR10911026	10	10	10	10	D171
SRR10911031	7	unClustered	7	unClustered	D172
SRR10911032	3	3	3	3	D173
SRR10911036	10	unClustered	8	8	D174
SRR10911046	3	unClustered	3	unClustered	D175
SRR10911047	8	8	8	8	D176
SRR10911052	3	unClustered	3	3	D177
SRR6178107	8	8	8	8	D178
SRR6178108	5	unClustered	6	6	D179
SRR6178113	8	8	8	8	D180
SRR6178128	4	4	4	4	D181
SRR6178134	4	unClustered	3	3	D182
SRR6178139	8	unClustered	8	8	D183
SRR6113234	1	1	1	1	D184
SRR6113236	3	unClustered	2	2	D185
SRR6113237	5	unClustered	3	3	D186
SRR6113241	3	unClustered	2	2	D187
SRR6113247	5	unClustered	5	5	D188
SRR6113250	5	unClustered	5	5	D189
SRR6113254	3	unClustered	3	3	D190
SRR6113260	4	4	4	4	D191
SRR6113274	5	unClustered	5	unClustered	D192
SRR6113277	3	unClustered	3	3	D193
SRR6113281	5	unClustered	5	5	D194
SRR6113294	5	unClustered	5	5	D195
SRR6113301	5	unClustered	5	5	D196
SRR6113303	1	1	1	1	D197
SRR5495942	5	unClustered	6	6	D198
SRR5495943	6	6	6	6	D199
SRR5495948	3	unClustered	3	unClustered	D200
SRR5495953	5	unClustered	6	6	D201
SRR5495954	5	unClustered	6	6	D202
SRR5495958	3	3	3	3	D203
SRR5495959	3	unClustered	3	unClustered	D204
SRR5495964	4	4	4	4	D205
SRR5495965	4	4	4	4	D206
SRR5495970	3	3	3	3	D207
SRR5495971	3	3	3	3	D208
SRR5020870	2	unClustered	3	3	D209
SRR5020874	7	7	7	7	D210
SRR5020904	5	unClustered	5	unClustered	D211
SRR5318447	3	unClustered	2	2	D212
SRR5318448	3	unClustered	2	2	D213
SRR5318451	2	unClustered	2	unClustered	D214
SRR5318452	2	unClustered	1	1	D215
SRR5318455	5	unClustered	7	unClustered	D216
SRR5318456	3	unClustered	3	unClustered	D217
SRR5318459	3	3	3	3	D218
SRR5318460	3	unClustered	7	unClustered	D219
SRR5318463	9	unClustered	2	2	D220
SRR5318464	3	unClustered	2	2	D221
SRR5318467	9	9	9	9	D222
SRR5318468	8	8	8	8	D223
SRR5318471	3	3	3	3	D224
SRR5318472	3	unClustered	2	2	D225
SRR5318475	3	unClustered	3	unClustered	D226
SRR5318476	3	unClustered	2	2	D227
SRR5318479	1	1	1	1	D228
SRR5318480	2	2	2	2	D229
SRR5318483	2	2	2	2	D230
SRR5318484	2	2	2	2	D231
SRR5318485	3	unClustered	2	2	D232
SRR5318489	2	unClustered	2	2	D233
SRR5318490	2	2	2	2	D234
SRR5318491	2	2	2	2	D235
SRR5318495	9	9	9	9	D236
SRR5318496	9	unClustered	9	unClustered	D237
SRR5318499	9	unClustered	9	9	D238
SRR5318500	2	2	2	2	D239
SRR5318504	2	2	2	2	D240
SRR5318505	2	2	2	unClustered	D241
SRR5318506	3	unClustered	2	2	D242
SRR5318508	2	2	2	2	D243
SRR5318509	2	2	2	2	D244
SRR5318510	3	unClustered	3	unClustered	D245
ERR1883214	6	6	6	6	D246
ERR1883216	8	8	8	8	D247
ERR1883232	6	6	6	6	D248
ERR1883234	6	unClustered	2	2	D249
ERR1883236	1	1	1	1	D250
ERR1883238	1	1	1	1	D251
ERR1883240	6	6	6	6	D252
ERR1883242	7	7	7	7	D253
ERR1883244	1	1	1	1	D254
ERR1883246	6	6	6	6	D255
ERR1883250	5	unClustered	5	unClustered	D256
ERR1883252	5	unClustered	3	3	D257
ERR1883263	2	2	2	2	D258
ERR1883294	1	1	1	1	D259
ERR1883315	3	unClustered	2	2	D260
ERR1810963	7	7	7	7	D261
ERR1810967	7	7	7	7	D262
ERR1810971	7	7	7	7	D263
ERR1810975	1	1	1	1	D264
ERR1810979	1	1	1	1	D265
ERR1810982	5	unClustered	5	5	D266
ERR1810986	1	1	1	1	D267
ERR1810990	1	1	1	1	D268
ERR1810997	1	unClustered	1	1	D269
ERR1811001	6	6	6	6	D270
ERR1811005	4	4	4	4	D271
ERR1811009	2	2	2	2	D272
ERR1811013	1	1	1	1	D273
ERR1811017	1	1	1	1	D274
ERR1811021	1	1	1	1	D275
ERR1811025	5	unClustered	5	5	D276
ERR1811029	7	unClustered	7	unClustered	D277
ERR1811033	3	unClustered	3	3	D278
ERR1811037	1	1	1	1	D279
ERR1811040	2	2	2	2	D280
ERR1811043	8	8	8	8	D281
ERR1811046	8	unClustered	10	unClustered	D282
ERR1811049	1	1	1	1	D283
ERR1811052	7	7	7	7	D284
ERR1811055	8	8	8	8	D285
ERR1811058	2	unClustered	2	unClustered	D286
ERR1811061	2	2	2	2	D287
ERR1811063	8	8	8	8	D288
ERR1811067	3	unClustered	2	2	D289
ERR1811071	2	2	2	2	D290
ERR1811075	1	1	1	1	D291
ERR1811079	1	1	1	1	D292
ERR1811082	7	7	7	unClustered	D293
ERR1811086	8	8	8	8	D294
ERR1811089	2	unClustered	1	1	D295
ERR1811093	5	unClustered	5	5	D296
ERR1811097	8	8	8	8	D297
P2.R1A	3	3	3	3	D298
P2.R2A	5	unClustered	5	5	D299
P2.R3A	1	1	1	1	D300
P2.R4A	5	unClustered	5	5	D301
P2.R5A	1	1	1	1	D302
P2.R6A	2	2	2	2	D303
P2.R7A	8	8	8	8	D304
P2.R8A	1	1	1	1	D305
