unNeighborClusters	group	medianAbundance	meanAbundance	minimumAbundance	maximumAbundance	IQRAbundance	sdAbundance	nAbundance
1	Actinobacteria-Bifidobacterium	0.00199203187250996	0.00249003984063745	9.9601593625498e-4	0.00597609561752988	0.0027390438247011954	0.0017091019490350265	10
1	Actinobacteria-Collinsella	9.9601593625498e-4	9.9601593625498e-4	9.9601593625498e-4	9.9601593625498e-4	0	NA	1
1	Actinobacteria-Other	0.00149402390438247	0.0015936254980079682	9.9601593625498e-4	0.00298804780876494	9.9601593625498e-4	6.964202179084673e-4	10
1	Actinobacteria-Unknown	9.9601593625498e-4	9.9601593625498e-4	9.9601593625498e-4	9.9601593625498e-4	0	0	3
1	Bacteroidetes-Alistipes	9.9601593625498e-4	0.001245019920318725	9.9601593625498e-4	0.00199203187250996	2.49003984063745e-4	4.9800796812749e-4	4
1	Bacteroidetes-Bacteroides	9.9601593625498e-4	0.0018260292164674634	9.9601593625498e-4	0.00597609561752988	9.9601593625498e-4	0.0013341103277168618	18
1	Bacteroidetes-Other	9.9601593625498e-4	0.0012805919180421171	9.9601593625498e-4	0.00199203187250996	4.9800796812749e-4	4.8600601242456825e-4	7
1	Firmicutes-Agathobacter	9.9601593625498e-4	0.001195219123505976	9.9601593625498e-4	0.00199203187250996	0	4.454318680278466e-4	5
1	Firmicutes-Blautia	9.9601593625498e-4	0.0013280212483399733	9.9601593625498e-4	0.00199203187250996	7.47011952191235e-4	5.143404178230301e-4	6
1	Firmicutes-Enterococcus	0.00697211155378486	0.018426294820717132	9.9601593625498e-4	0.0796812749003984	0.00846613545816733	0.03031392133075494	6
1	Firmicutes-Erysipelatoclostridium	0.02589641434262948	0.04747675962815405	0.00298804780876494	0.1603585657370518	0.02788844621513944	0.053191354274178045	9
1	Firmicutes-Faecalibacterium	9.9601593625498e-4	0.001707455890722823	9.9601593625498e-4	0.00298804780876494	0.00149402390438247	9.474001306885874e-4	7
1	Firmicutes-Lactobacillus	0.0149402390438247	0.04405236198064884	9.9601593625498e-4	0.20816733067729085	0.046314741035856574	0.06238763336494586	35
1	Firmicutes-Other	0.00199203187250996	0.010091985001171765	9.9601593625498e-4	0.1394422310756972	0.0059760956175298795	0.021075690524859306	136
1	Firmicutes-Streptococcus	0.005478087649402391	0.010676045816733063	9.9601593625498e-4	0.04183266932270916	0.013197211155378486	0.011823608932346422	32
1	Firmicutes-Unknown	0.00149402390438247	0.004873363688104725	9.9601593625498e-4	0.0298804780876494	0.003237051792828685	0.007143076019879184	28
1	Firmicutes-Veillonella	0.03685258964143426	0.05627490039840637	0.00199203187250996	0.17330677290836655	0.06748007968127491	0.04761872413664287	42
1	Other-Cetobacterium	0.2360557768924303	0.2360557768924303	0.2360557768924303	0.2360557768924303	0	NA	1
1	Other-Cloacibacillus	0.04780876494023904	0.04780876494023904	0.04780876494023904	0.04780876494023904	0	NA	1
1	Other-Fusobacterium	0.01693227091633466	0.05441392325435101	9.9601593625498e-4	0.2400398406374502	0.08515936254980079	0.07427591093208172	19
1	Other-Other	0.0049800796812749	0.022998913437160446	9.9601593625498e-4	0.10756972111553784	0.03237051792828685	0.032597136704732084	11
1	Other-Unknown	9.9601593625498e-4	0.0016600265604249668	9.9601593625498e-4	0.00298804780876494	9.9601593625498e-4	0.0011501001378279396	3
1	Proteobacteria-Bilophila	0.00946215139442231	0.014110225763612216	0.00199203187250996	0.03087649402390438	0.02091633466135458	0.012900873745556228	6
1	Proteobacteria-Enterobacter	0.02589641434262948	0.07890659583886676	0.00398406374501992	0.4900398406374502	0.028884462151394424	0.156019448864422	9
1	Proteobacteria-Escherichia-Shigella	0.08565737051792828	0.1647410358565737	9.9601593625498e-4	0.8944223107569721	0.23406374501992033	0.2174657126505327	35
1	Proteobacteria-Haemophilus	0.04432270916334661	0.08690239043824702	0.01693227091633466	0.24203187250996017	0.08989043824701196	0.10581663494111357	4
1	Proteobacteria-Morganella	0.0049800796812749	0.007193448428508188	0.00199203187250996	0.03087649402390438	0.0049800796812748994	0.0091256176141333	9
1	Proteobacteria-Other	0.00298804780876494	0.04150066401062418	9.9601593625498e-4	0.4043824701195219	0.0199203187250996	0.09883095378643857	33
1	Proteobacteria-Parasutterella	0.00846613545816733	0.03117529880478087	9.9601593625498e-4	0.13545816733067728	0.020667330677290832	0.04869975871727523	10
1	Proteobacteria-Proteus	0.005478087649402391	0.054354012521343184	9.9601593625498e-4	0.47410358565737054	0.019173306772908363	0.12666536876244106	14
1	Proteobacteria-Sutterella	0.00796812749003984	0.010557768924302787	9.9601593625498e-4	0.02788844621513944	0.0059760956175298795	0.010365267522508121	5
1	Proteobacteria-Unknown	0.6045816733067729	0.48759960159362553	9.9601593625498e-4	0.9392430278884464	0.6683266932270916	0.33655515027607635	60
1	Verrucomicrobia-Akkermansia	0.029880478087649404	0.04814077025232404	9.9601593625498e-4	0.13745019920318724	0.08092629482071713	0.05740946921776277	6
10	Actinobacteria-Bifidobacterium	0.01195219123505976	0.017141958481862025	9.9601593625498e-4	0.06274900398406374	0.02241035856573705	0.01737748581014668	19
10	Actinobacteria-Collinsella	0.01344621513944223	0.019875045273451644	9.9601593625498e-4	0.0547808764940239	0.01593625498007968	0.01553844837049834	22
10	Actinobacteria-Eggerthella	0.00298804780876494	0.006075697211155378	9.9601593625498e-4	0.02290836653386454	0.007221115537848605	0.007158545761518797	10
10	Actinobacteria-Other	0.00199203187250996	0.003889205084424209	9.9601593625498e-4	0.02589641434262948	0.0027390438247011954	0.005503138470692666	42
10	Actinobacteria-Unknown	0.00199203187250996	0.001707455890722823	9.9601593625498e-4	0.00298804780876494	9.9601593625498e-4	7.529172769108112e-4	7
10	Bacteroidetes-Alistipes	0.049800796812749	0.05971765113459206	9.9601593625498e-4	0.18625498007968128	0.08416334661354581	0.05335934933492642	23
10	Bacteroidetes-Bacteroides	0.16633466135458166	0.15223720502604965	0.00199203187250996	0.3097609561752988	0.11578685258964144	0.08376284031632306	26
10	Bacteroidetes-Other	0.01294820717131474	0.020872067286409914	9.9601593625498e-4	0.10059760956175298	0.02191235059760956	0.025332145740488556	45
10	Bacteroidetes-Parabacteroides	0.02091633466135458	0.05629655291875975	9.9601593625498e-4	0.32669322709163345	0.059262948207171304	0.07831985583448013	23
10	Firmicutes-Agathobacter	0.03386454183266932	0.045344936045292515	0.00597609561752988	0.1105577689243028	0.05527888446215139	0.03400157225728617	19
10	Firmicutes-Blautia	0.03585657370517928	0.04560330108138873	9.9601593625498e-4	0.28087649402390436	0.041334661354581664	0.05215151246206888	28
10	Firmicutes-Enterococcus	0.00249003984063745	0.0036520584329349268	9.9601593625498e-4	0.01095617529880478	0.0024900398406374506	0.0037620758231647526	6
10	Firmicutes-Erysipelatoclostridium	0.0049800796812749	0.012186547925943285	9.9601593625498e-4	0.06772908366533864	0.00896414342629482	0.01953222998728629	17
10	Firmicutes-Faecalibacterium	0.06075697211155378	0.0647410358565737	0.00298804780876494	0.1952191235059761	0.04133466135458168	0.04999058367836462	23
10	Firmicutes-Lactobacillus	0.00199203187250996	0.011288180610889775	9.9601593625498e-4	0.0647410358565737	0.00796812749003984	0.020599719003930712	9
10	Firmicutes-Other	0.00398406374501992	0.01038088021310323	9.9601593625498e-4	0.12250996015936257	0.00896414342629482	0.015898433702712475	857
10	Firmicutes-Streptococcus	0.00298804780876494	0.014492031872509959	9.9601593625498e-4	0.06175298804780876	0.02440239043824701	0.020495152839456736	20
10	Firmicutes-Unknown	0.01045816733067729	0.02845759817871367	9.9601593625498e-4	0.28087649402390436	0.0348605577689243	0.04239119502770129	112
10	Firmicutes-Veillonella	0.00398406374501992	0.004855577689243028	9.9601593625498e-4	0.01593625498007968	0.0034860557768924307	0.004833866716083685	8
10	Other-Cloacibacillus	0.04083665338645418	0.04083665338645418	0.04083665338645418	0.04083665338645418	0	NA	1
10	Other-Fusobacterium	0.00199203187250996	0.03303452855245684	9.9601593625498e-4	0.18227091633466136	0.006723107569721116	0.07319034326105969	6
10	Other-Other	0.00398406374501992	0.004780876494023904	9.9601593625498e-4	0.00896414342629482	0.00597609561752988	0.0035495079046226016	5
10	Other-Unknown	0.005478087649402391	0.011495683930942895	9.9601593625498e-4	0.0946215139442231	0.007968127490039839	0.019515590484940473	24
10	Proteobacteria-Bilophila	0.00298804780876494	0.0028457598178713715	9.9601593625498e-4	0.0049800796812749	0.00149402390438247	0.001339826113813843	7
10	Proteobacteria-Enterobacter	0.00149402390438247	0.00149402390438247	9.9601593625498e-4	0.00199203187250996	4.9800796812749e-4	7.042896226957645e-4	2
10	Proteobacteria-Escherichia-Shigella	0.0049800796812749	0.018061088977423638	9.9601593625498e-4	0.07768924302788845	0.013944223107569721	0.02724288050892938	15
10	Proteobacteria-Haemophilus	0.0049800796812748994	0.0076361221779548466	0.00199203187250996	0.0199203187250996	0.00846613545816733	0.007145445446116656	6
10	Proteobacteria-Other	0.00199203187250996	0.00398406374501992	9.9601593625498e-4	0.01394422310756972	0.0037350597609561755	0.004328819658169089	10
10	Proteobacteria-Parasutterella	0.00398406374501992	0.00796812749003984	9.9601593625498e-4	0.02888446215139442	0.00796812749003984	0.00995304242033162	15
10	Proteobacteria-Sutterella	0.00796812749003984	0.01802788844621514	0.00199203187250996	0.08565737051792828	0.01792828685258964	0.02527801322752461	10
10	Proteobacteria-Unknown	0.0049800796812749	0.027577191235059764	9.9601593625498e-4	0.16733067729083664	0.01045816733067729	0.04891877457454926	16
10	Verrucomicrobia-Akkermansia	0.0906374501992032	0.08266932270916334	9.9601593625498e-4	0.18426294820717132	0.09163346613545816	0.06293547988991698	17
11	Actinobacteria-Bifidobacterium	0.00199203187250996	0.00199203187250996	0.00199203187250996	0.00199203187250996	0	NA	1
11	Actinobacteria-Other	9.9601593625498e-4	0.0018771069567882319	9.9601593625498e-4	0.01095617529880478	9.9601593625498e-4	0.001660308459082232	78
11	Actinobacteria-Unknown	0.00199203187250996	0.002854254623297853	9.9601593625498e-4	0.01095617529880478	0.00298804780876494	0.002535771777258559	67
11	Bacteroidetes-Alistipes	0.00298804780876494	0.00298804780876494	0.00298804780876494	0.00298804780876494	0	NA	1
11	Bacteroidetes-Other	9.9601593625498e-4	0.0028220451527224437	9.9601593625498e-4	0.02888446215139442	9.9601593625498e-4	0.005111551298117888	42
11	Bacteroidetes-Parabacteroides	9.9601593625498e-4	0.013280212483399733	9.9601593625498e-4	0.03784860557768924	0.01842629482071713	0.021276852549816882	3
11	Firmicutes-Blautia	9.9601593625498e-4	9.9601593625498e-4	9.9601593625498e-4	9.9601593625498e-4	0	NA	1
11	Firmicutes-Erysipelatoclostridium	0.0149402390438247	0.0149402390438247	0.0149402390438247	0.0149402390438247	0	NA	1
11	Firmicutes-Faecalibacterium	9.9601593625498e-4	9.9601593625498e-4	9.9601593625498e-4	9.9601593625498e-4	0	NA	1
11	Firmicutes-Lactobacillus	0.0069721115537848604	0.01145418326693227	0.00199203187250996	0.0298804780876494	0.01444223107569721	0.013150931155603158	4
11	Firmicutes-Other	0.00298804780876494	0.009760956175298804	9.9601593625498e-4	0.05976095617529881	0.012201195219123506	0.013122729787841212	60
11	Firmicutes-Streptococcus	0.00199203187250996	0.00199203187250996	0.00199203187250996	0.00199203187250996	0	0	4
11	Firmicutes-Unknown	0.00298804780876494	0.00747011952191235	9.9601593625498e-4	0.02888446215139442	0.010458167330677288	0.008452364680145031	34
11	Firmicutes-Veillonella	0.00896414342629482	0.0099601593625498	0.00896414342629482	0.01195219123505976	0.0014940239043824705	0.0017251502067419102	3
11	Other-Cloacibacillus	0.00597609561752988	0.00597609561752988	0.00597609561752988	0.00597609561752988	0	NA	1
11	Other-Fusobacterium	0.01294820717131474	0.05438247011952191	9.9601593625498e-4	0.14342629482071714	0.11254980079681275	0.06864060282827694	5
11	Other-Other	9.9601593625498e-4	0.0018882802124833991	9.9601593625498e-4	0.01195219123505976	9.9601593625498e-4	0.0017340495766300455	144
11	Other-Unknown	9.9601593625498e-4	0.003012742418754732	9.9601593625498e-4	0.01792828685258964	0.00298804780876494	0.003256689869216815	121
11	Proteobacteria-Bilophila	0.01693227091633466	0.01693227091633466	0.01693227091633466	0.01693227091633466	0	NA	1
11	Proteobacteria-Enterobacter	0.07669322709163347	0.0796812749003984	0.04681274900398406	0.11653386454183266	0.022908366533864563	0.02603014809835056	5
11	Proteobacteria-Escherichia-Shigella	0.00298804780876494	0.009296148738379814	9.9601593625498e-4	0.02390438247011952	0.011454183266932271	0.012690248906783793	3
11	Proteobacteria-Haemophilus	0.01195219123505976	0.01195219123505976	0.00896414342629482	0.0149402390438247	0.0029880478087649393	0.004225737736174587	2
11	Proteobacteria-Other	9.9601593625498e-4	0.006604264759145245	9.9601593625498e-4	0.11254980079681276	0.00199203187250996	0.017342447922263065	176
11	Proteobacteria-Parasutterella	0.020418326693227094	0.020418326693227094	0.00199203187250996	0.03884462151394422	0.018426294820717132	0.026058716039743284	2
11	Proteobacteria-Sutterella	0.02788844621513944	0.02788844621513944	0.02788844621513944	0.02788844621513944	0	NA	1
11	Proteobacteria-Unknown	0.00199203187250996	0.007626061410921962	9.9601593625498e-4	0.1902390438247012	0.00298804780876494	0.02505487557787241	99
11	Verrucomicrobia-Akkermansia	0.00298804780876494	0.00298804780876494	0.00298804780876494	0.00298804780876494	0	NA	1
11	Verrucomicrobia-Candidatus Udaeobacter	0.02390438247011952	0.023107569721115537	0.01394422310756972	0.03087649402390438	9.960159362549827e-4	0.006033916825044207	5
11	Verrucomicrobia-Candidatus Xiphinematobacter	0.00398406374501992	0.0041832669322709164	9.9601593625498e-4	0.00697211155378486	0.00298804780876494	0.0023779554554409004	5
11	Verrucomicrobia-Other	9.9601593625498e-4	0.0014061401453011485	9.9601593625498e-4	0.00398406374501992	9.9601593625498e-4	7.403987953638902e-4	34
11	Verrucomicrobia-uncultured	9.9601593625498e-4	0.0013280212483399733	9.9601593625498e-4	0.00199203187250996	4.9800796812749e-4	5.750500689139698e-4	3
2	Actinobacteria-Bifidobacterium	0.00298804780876494	0.00896414342629482	9.9601593625498e-4	0.02091633466135458	0.01394422310756972	0.009236671808262653	5
2	Actinobacteria-Eggerthella	0.00398406374501992	0.00398406374501992	0.00398406374501992	0.00398406374501992	0	NA	1
2	Actinobacteria-Other	9.9601593625498e-4	0.00199203187250996	9.9601593625498e-4	0.00398406374501992	0.00249003984063745	0.0014085792453915288	10
2	Actinobacteria-Unknown	9.9601593625498e-4	0.0013280212483399733	9.9601593625498e-4	0.00199203187250996	4.9800796812749e-4	5.750500689139698e-4	3
2	Bacteroidetes-Bacteroides	9.9601593625498e-4	0.0014317729083665337	9.9601593625498e-4	0.00697211155378486	0	0.0014981682227580989	16
2	Bacteroidetes-Other	9.9601593625498e-4	0.0015493581230633024	9.9601593625498e-4	0.00597609561752988	0	0.0016600265604249673	9
2	Bacteroidetes-Parabacteroides	9.9601593625498e-4	0.00149402390438247	9.9601593625498e-4	0.00298804780876494	4.9800796812749e-4	9.9601593625498e-4	4
2	Bacteroidetes-Prevotella 9	9.9601593625498e-4	9.9601593625498e-4	9.9601593625498e-4	9.9601593625498e-4	0	NA	1
2	Firmicutes-Agathobacter	9.9601593625498e-4	9.9601593625498e-4	9.9601593625498e-4	9.9601593625498e-4	0	NA	1
2	Firmicutes-Blautia	9.9601593625498e-4	0.0013280212483399733	9.9601593625498e-4	0.00199203187250996	4.9800796812749e-4	5.750500689139698e-4	3
2	Firmicutes-Enterococcus	0.03535856573705179	0.07934926958831341	9.9601593625498e-4	0.27589641434262946	0.10582669322709165	0.0910997849417464	12
2	Firmicutes-Erysipelatoclostridium	0.0298804780876494	0.058698539176626825	0.00199203187250996	0.28386454183266935	0.030378486055776886	0.08326756768535715	15
2	Firmicutes-Faecalibacterium	9.9601593625498e-4	9.9601593625498e-4	9.9601593625498e-4	9.9601593625498e-4	0	NA	1
2	Firmicutes-Lactobacillus	0.03784860557768924	0.06813172840552681	9.9601593625498e-4	0.3376494023904382	0.10358565737051792	0.07565408174172622	47
2	Firmicutes-Other	0.00398406374501992	0.01668117446181662	9.9601593625498e-4	0.25	0.009960159362549799	0.03393547132186887	238
2	Firmicutes-Streptococcus	0.00448207171314741	0.016123007968127483	9.9601593625498e-4	0.10358565737051792	0.011952191235059759	0.024371634883716253	32
2	Firmicutes-Unknown	0.00298804780876494	0.016600265604249667	9.9601593625498e-4	0.13545816733067728	0.017679282868525895	0.027091933921765378	66
2	Firmicutes-Veillonella	0.06175298804780876	0.09688903958633549	9.9601593625498e-4	0.301792828685259	0.10856573705179282	0.0862319298490095	47
2	Other-Cetobacterium	0.0856573705179283	0.10956175298804781	9.9601593625498e-4	0.26593625498007967	0.17828685258964144	0.1272044027955816	4
2	Other-Cloacibacillus	0.06324701195219123	0.06324701195219123	9.9601593625498e-4	0.1254980079681275	0.062250996015936255	0.08803620283697056	2
2	Other-Fusobacterium	0.07669322709163347	0.088253048412411	9.9601593625498e-4	0.351593625498008	0.10557768924302788	0.09131113579614393	33
2	Other-Other	0.00298804780876494	0.029291923216226007	9.9601593625498e-4	0.26195219123505975	0.01743027888446215	0.0634252996690756	22
2	Other-Unknown	9.9601593625498e-4	0.0017430278884462151	9.9601593625498e-4	0.00398406374501992	7.47011952191235e-4	0.0014940239043824699	4
2	Proteobacteria-Bilophila	0.02390438247011952	0.02191235059760956	0.00796812749003984	0.03585657370517928	0.00796812749003984	0.00946215139442231	9
2	Proteobacteria-Enterobacter	0.01593625498007968	0.0472277556440903	0.00298804780876494	0.3286852589641434	0.030627490039840635	0.09117808276137741	12
2	Proteobacteria-Escherichia-Shigella	0.10209163346613546	0.12492885600455321	9.9601593625498e-4	0.4511952191235059	0.12823705179282868	0.11435882004446023	28
2	Proteobacteria-Haemophilus	9.9601593625498e-4	0.0028457598178713715	9.9601593625498e-4	0.0099601593625498	0.00199203187250996	0.0033247926709015145	7
2	Proteobacteria-Morganella	0.014442231075697209	0.02905046480743692	0.00597609561752988	0.08665338645418327	0.02788844621513944	0.03137950802196686	6
2	Proteobacteria-Other	0.0034860557768924302	0.005270584329349269	9.9601593625498e-4	0.01593625498007968	0.0069721115537848604	0.0049276572847483805	24
2	Proteobacteria-Parasutterella	0.08366533864541832	0.09247221639756761	0.00298804780876494	0.24302788844621517	0.1294820717131474	0.0802589885609992	19
2	Proteobacteria-Proteus	0.00796812749003984	0.02873122893043211	9.9601593625498e-4	0.16733067729083664	0.027888446215139442	0.04517627215430961	26
2	Proteobacteria-Sutterella	0.08615537848605578	0.0968981217985202	0.01195219123505976	0.24402390438247012	0.11603585657370516	0.07947647271529663	14
2	Proteobacteria-Unknown	0.3655378486055777	0.3220070537522043	9.9601593625498e-4	0.6205179282868526	0.2798804780876494	0.18125185414027667	61
2	Verrucomicrobia-Akkermansia	0.1593625498007968	0.16589198760513502	9.9601593625498e-4	0.33067729083665337	0.13545816733067728	0.11836478293610919	9
3	Actinobacteria-Bifidobacterium	0.00199203187250996	0.007719123505976095	9.9601593625498e-4	0.06175298804780876	0.003237051792828685	0.017105158439394818	12
3	Actinobacteria-Collinsella	9.9601593625498e-4	0.0016600265604249668	9.9601593625498e-4	0.00298804780876494	9.9601593625498e-4	0.0011501001378279396	3
3	Actinobacteria-Eggerthella	0.00398406374501992	0.00398406374501992	0.00298804780876494	0.0049800796812749	9.96015936254981e-4	0.001408579245391529	2
3	Actinobacteria-Other	9.9601593625498e-4	0.006425909266161163	9.9601593625498e-4	0.0906374501992032	0.00149402390438247	0.0172147338809355	31
3	Actinobacteria-Unknown	0.00149402390438247	0.0017430278884462151	9.9601593625498e-4	0.00298804780876494	0.0012450199203187249	9.536126571278267e-4	4
3	Bacteroidetes-Alistipes	0.00249003984063745	0.03585657370517928	9.9601593625498e-4	0.13745019920318724	0.0348605577689243	0.06773396592042989	4
3	Bacteroidetes-Bacteroides	0.00398406374501992	0.041903813318155944	9.9601593625498e-4	0.17828685258964144	0.04332669322709163	0.06706724489365153	14
3	Bacteroidetes-Other	9.9601593625498e-4	0.002298498314434569	9.9601593625498e-4	0.0149402390438247	9.9601593625498e-4	0.0038227773151904253	13
3	Bacteroidetes-Parabacteroides	0.00298804780876494	0.003237051792828685	9.9601593625498e-4	0.00597609561752988	0.004233067729083666	0.002619477728761537	4
3	Bacteroidetes-Prevotella 9	9.9601593625498e-4	0.09262948207171315	9.9601593625498e-4	0.27589641434262946	0.13745019920318724	0.15871381902025566	3
3	Firmicutes-Agathobacter	0.00199203187250996	0.00199203187250996	0.00199203187250996	0.00199203187250996	0	NA	1
3	Firmicutes-Blautia	0.02938247011952191	0.09885458167330677	0.01792828685258964	0.3187250996015936	0.07594621513944222	0.14668032637771436	4
3	Firmicutes-Enterococcus	0.05577689243027888	0.14623324882289024	9.9601593625498e-4	0.5109561752988048	0.18177290836653387	0.18949124955040994	11
3	Firmicutes-Erysipelatoclostridium	0.0448207171314741	0.047725763612217795	0.00398406374501992	0.12350597609561752	0.04930278884462151	0.03758908129008707	12
3	Firmicutes-Faecalibacterium	9.9601593625498e-4	0.0017928286852589642	9.9601593625498e-4	0.00398406374501992	9.9601593625498e-4	0.0012986458974507268	5
3	Firmicutes-Lactobacillus	0.15139442231075698	0.17462502929458637	9.9601593625498e-4	0.4711155378486056	0.22236055776892433	0.13214366231046665	34
3	Firmicutes-Other	0.0049800796812749	0.019746923238221196	9.9601593625498e-4	0.2360557768924303	0.01892430278884462	0.03548425653083539	247
3	Firmicutes-Streptococcus	0.01095617529880478	0.024447663889894965	9.9601593625498e-4	0.2250996015936255	0.023904382470119518	0.044764026585194544	33
3	Firmicutes-Unknown	0.00796812749003984	0.012811766632101734	9.9601593625498e-4	0.08366533864541832	0.011952191235059759	0.017725255762812146	73
3	Firmicutes-Veillonella	0.11205179282868524	0.13084329349269588	0.00199203187250996	0.4820717131474104	0.11130478087649402	0.1201187425412592	30
3	Other-Cetobacterium	0.19770916334661354	0.19770916334661354	0.18725099601593623	0.20816733067729085	0.010458167330677282	0.01479008207661108	2
3	Other-Cloacibacillus	9.9601593625498e-4	9.9601593625498e-4	9.9601593625498e-4	9.9601593625498e-4	0	NA	1
3	Other-Fusobacterium	0.0697211155378486	0.08046978751660026	0.00199203187250996	0.20418326693227093	0.08640438247011951	0.06634053859392702	24
3	Other-Other	0.00398406374501992	0.04398196686936465	9.9601593625498e-4	0.2679282868525896	0.05577689243027888	0.07405003428732852	19
3	Other-Unknown	9.9601593625498e-4	9.9601593625498e-4	9.9601593625498e-4	9.9601593625498e-4	0	0	3
3	Proteobacteria-Bilophila	0.022908366533864542	0.0322875166002656	0.00199203187250996	0.1145418326693227	0.027639442231075693	0.033654724053445606	12
3	Proteobacteria-Enterobacter	0.00647410358565737	0.019351166761525325	9.9601593625498e-4	0.07171314741035857	0.019920318725099598	0.02360470251643814	14
3	Proteobacteria-Escherichia-Shigella	0.0298804780876494	0.05288523326050636	0.00199203187250996	0.2918326693227092	0.03934262948207172	0.06684662338948098	31
3	Proteobacteria-Haemophilus	0.00398406374501992	0.035145133750711446	9.9601593625498e-4	0.11852589641434264	0.05727091633466136	0.04575792419847918	7
3	Proteobacteria-Morganella	0.00647410358565737	0.0099601593625498	9.9601593625498e-4	0.02290836653386454	0.01394422310756972	0.009300890462094622	6
3	Proteobacteria-Other	9.9601593625498e-4	0.009931701764371088	9.9601593625498e-4	0.12649402390438247	0.004482071713147411	0.023488797374344592	35
3	Proteobacteria-Parasutterella	0.04581673306772908	0.06772908366533865	9.9601593625498e-4	0.22211155378486055	0.06772908366533865	0.06640614605373946	17
3	Proteobacteria-Proteus	0.00597609561752988	0.011131942816967425	9.9601593625498e-4	0.05079681274900399	0.009960159362549799	0.013405738537566415	17
3	Proteobacteria-Sutterella	0.09561752988047809	0.09880478087649402	0.02091633466135458	0.21215139442231076	0.09188247011952193	0.061365863067741215	10
3	Proteobacteria-Unknown	0.14342629482071714	0.1331944947482796	9.9601593625498e-4	0.3197211155378486	0.13645418326693226	0.09135770254444008	44
3	Verrucomicrobia-Akkermansia	0.00398406374501992	0.028995130588756086	9.9601593625498e-4	0.12749003984063745	0.010956175298804782	0.050075052707980204	9
4	Actinobacteria-Bifidobacterium	0.0034860557768924302	0.009628154050464806	9.9601593625498e-4	0.04282868525896414	0.0024900398406374506	0.016325751464998997	6
4	Actinobacteria-Collinsella	9.9601593625498e-4	9.9601593625498e-4	9.9601593625498e-4	9.9601593625498e-4	0	NA	1
4	Actinobacteria-Other	0.0034860557768924302	0.02556440903054449	9.9601593625498e-4	0.25697211155378485	0.006972111553784859	0.07299615572158898	12
4	Actinobacteria-Unknown	0.00199203187250996	0.00199203187250996	9.9601593625498e-4	0.00298804780876494	9.9601593625498e-4	9.9601593625498e-4	3
4	Bacteroidetes-Alistipes	9.9601593625498e-4	9.9601593625498e-4	9.9601593625498e-4	9.9601593625498e-4	0	NA	1
4	Bacteroidetes-Bacteroides	9.9601593625498e-4	0.04780876494023904	9.9601593625498e-4	0.14143426294820718	0.0702191235059761	0.08108205971686976	3
4	Firmicutes-Blautia	0.005478087649402391	0.00448207171314741	9.9601593625498e-4	0.00597609561752988	0.00199203187250996	0.0023709921741510128	4
4	Firmicutes-Enterococcus	0.6593625498007968	0.48047808764940236	9.9601593625498e-4	0.9870517928286852	0.7452689243027888	0.42069598237182926	10
4	Firmicutes-Erysipelatoclostridium	0.01344621513944223	0.02938247011952191	9.9601593625498e-4	0.12151394422310756	0.01743027888446215	0.045984233918282075	6
4	Firmicutes-Lactobacillus	0.01095617529880478	0.17775053631627338	9.9601593625498e-4	0.9611553784860558	0.3137450199203187	0.2920440946766432	13
4	Firmicutes-Other	0.00199203187250996	0.017928286852589646	9.9601593625498e-4	0.17928286852589642	0.010956175298804782	0.03967966451937522	63
4	Firmicutes-Streptococcus	0.01394422310756972	0.2663959546429666	0.00298804780876494	0.848605577689243	0.5747011952191236	0.34663968914831583	13
4	Firmicutes-Unknown	0.00298804780876494	0.005810092961487384	9.9601593625498e-4	0.04880478087649402	0.00398406374501992	0.011066143898919929	18
4	Firmicutes-Veillonella	0.0149402390438247	0.04880478087649402	9.9601593625498e-4	0.17629482071713148	0.051543824701195215	0.0691097587599428	10
4	Other-Fusobacterium	0.00249003984063745	0.059262948207171304	9.9601593625498e-4	0.23107569721115537	0.05826693227091633	0.11454471963565425	4
4	Other-Other	0.00448207171314741	0.009711155378486054	9.9601593625498e-4	0.02888446215139442	0.010707171314741035	0.013046794968876865	4
4	Proteobacteria-Bilophila	0.00298804780876494	0.00298804780876494	0.00298804780876494	0.00298804780876494	0	NA	1
4	Proteobacteria-Escherichia-Shigella	0.01294820717131474	0.02776394422310757	0.00199203187250996	0.08366533864541832	0.04506972111553784	0.030571767728022503	8
4	Proteobacteria-Haemophilus	0.022908366533864542	0.022908366533864542	0.00199203187250996	0.04382470119521912	0.02091633466135458	0.029580164153222104	2
4	Proteobacteria-Morganella	0.0049800796812749	0.0049800796812749	0.0049800796812749	0.0049800796812749	0	NA	1
4	Proteobacteria-Other	0.00298804780876494	0.021580345285524567	9.9601593625498e-4	0.1145418326693227	0.00448207171314741	0.045593891937004555	6
4	Proteobacteria-Parasutterella	0.03286852589641434	0.03286852589641434	0.03286852589641434	0.03286852589641434	0	NA	1
4	Proteobacteria-Proteus	0.02290836653386454	0.02290836653386454	0.02290836653386454	0.02290836653386454	0	NA	1
4	Proteobacteria-Sutterella	0.00448207171314741	0.00448207171314741	9.9601593625498e-4	0.00796812749003984	0.00348605577689243	0.004930027358870351	2
4	Proteobacteria-Unknown	0.00697211155378486	0.02611775121735281	9.9601593625498e-4	0.12250996015936257	0.03087649402390438	0.04025179332905487	9
4	Verrucomicrobia-Akkermansia	0.00398406374501992	0.00398406374501992	9.9601593625498e-4	0.00697211155378486	0.0029880478087649393	0.004225737736174586	2
5	Actinobacteria-Bifidobacterium	0.01743027888446215	0.03914342629482072	9.9601593625498e-4	0.11354581673306773	0.07221115537848606	0.045519974517217295	10
5	Actinobacteria-Collinsella	0.04382470119521912	0.0899734395750332	0.02390438247011952	0.20219123505976097	0.08914342629482072	0.09769252782130539	3
5	Actinobacteria-Eggerthella	0.0049800796812749	0.00597609561752988	0.00199203187250996	0.01095617529880478	0.00448207171314741	0.0045643184212707565	3
5	Actinobacteria-Other	0.00199203187250996	0.004255704454907642	9.9601593625498e-4	0.01593625498007968	0.0049800796812749	0.004609539996636691	11
5	Actinobacteria-Unknown	0.00398406374501992	0.00398406374501992	0.00398406374501992	0.00398406374501992	0	NA	1
5	Bacteroidetes-Alistipes	9.9601593625498e-4	9.9601593625498e-4	9.9601593625498e-4	9.9601593625498e-4	0	NA	1
5	Bacteroidetes-Bacteroides	0.00199203187250996	0.013944223107569723	9.9601593625498e-4	0.05179282868525897	0.01095617529880478	0.021719086142785386	5
5	Bacteroidetes-Other	0.00298804780876494	0.0037350597609561755	9.9601593625498e-4	0.00796812749003984	0.0047310756972111555	0.003389870162128509	4
5	Bacteroidetes-Prevotella 9	9.9601593625498e-4	9.9601593625498e-4	9.9601593625498e-4	9.9601593625498e-4	0	NA	1
5	Firmicutes-Agathobacter	0.00796812749003984	0.00796812749003984	0.00796812749003984	0.00796812749003984	0	NA	1
5	Firmicutes-Blautia	0.06673306772908366	0.0949535192563081	0.0149402390438247	0.2908366533864542	0.0597609561752988	0.08221090150993167	15
5	Firmicutes-Enterococcus	0.00796812749003984	0.013197211155378486	9.9601593625498e-4	0.02888446215139442	0.02041832669322709	0.011390595812826356	8
5	Firmicutes-Erysipelatoclostridium	0.01792828685258964	0.026739197057922156	9.9601593625498e-4	0.09362549800796811	0.019920318725099598	0.02640490080486931	13
5	Firmicutes-Faecalibacterium	0.00747011952191235	0.06997011952191234	0.00199203187250996	0.37749003984063745	0.038346613545816734	0.13349666017455178	8
5	Firmicutes-Lactobacillus	0.00249003984063745	0.004316069057104913	9.9601593625498e-4	0.0099601593625498	0.006723107569721115	0.0041626634843711765	6
5	Firmicutes-Other	0.00896414342629482	0.021354581673306762	9.9601593625498e-4	0.3147410358565737	0.020667330677290832	0.03769373889932829	250
5	Firmicutes-Streptococcus	0.00896414342629482	0.012182041066503217	9.9601593625498e-4	0.0348605577689243	0.01195219123505976	0.010596800159883247	13
5	Firmicutes-Unknown	0.015438247011952191	0.0972688194590061	9.9601593625498e-4	0.6085657370517928	0.10781872509960161	0.16170817974176283	38
5	Firmicutes-Veillonella	0.00946215139442231	0.02946547144754316	9.9601593625498e-4	0.1832669322709163	0.02290836653386454	0.05216665431183377	12
5	Other-Fusobacterium	0.05876494023904383	0.08067729083665338	9.9601593625498e-4	0.16733067729083664	0.150398406374502	0.0802488500755333	5
5	Other-Other	0.00697211155378486	0.007221115537848604	0.00199203187250996	0.01294820717131474	0.0027390438247011963	0.00448207171314741	4
5	Other-Unknown	0.00298804780876494	0.00298804780876494	9.9601593625498e-4	0.0049800796812749	0.00199203187250996	0.002817158490783058	2
5	Proteobacteria-Bilophila	0.00448207171314741	0.00448207171314741	0.00398406374501992	0.0049800796812749	4.980079681274905e-4	7.042896226957645e-4	2
5	Proteobacteria-Escherichia-Shigella	0.01095617529880478	0.03875407461064831	9.9601593625498e-4	0.1852589641434263	0.05229083665338645	0.05633868779433834	11
5	Proteobacteria-Haemophilus	0.00249003984063745	0.005229083665338645	9.9601593625498e-4	0.0149402390438247	0.004233067729083665	0.006524981410037697	4
5	Proteobacteria-Other	0.00199203187250996	0.006086764054891545	9.9601593625498e-4	0.03386454183266932	0.00398406374501992	0.010569560013101996	9
5	Proteobacteria-Parasutterella	0.02788844621513944	0.0398406374501992	9.9601593625498e-4	0.10856573705179284	0.06772908366533864	0.04324743555892107	7
5	Proteobacteria-Proteus	0.029880478087649404	0.029880478087649404	0.00796812749003984	0.05179282868525897	0.02191235059760956	0.030988743398613638	2
5	Proteobacteria-Sutterella	0.0099601593625498	0.01892430278884462	0.00199203187250996	0.0448207171314741	0.021414342629482067	0.02277808092834516	3
5	Proteobacteria-Unknown	0.01095617529880478	0.03539176626826029	9.9601593625498e-4	0.13247011952191234	0.04432270916334661	0.040826009320273575	15
5	Verrucomicrobia-Akkermansia	0.0946215139442231	0.09661354581673307	0.08266932270916334	0.11254980079681276	0.014940239043824702	0.015039510827232578	3
6	Actinobacteria-Bifidobacterium	0.00298804780876494	0.003386454183266932	0.00199203187250996	0.0049800796812749	9.9601593625498e-4	0.0011356328935250377	5
6	Actinobacteria-Collinsella	0.0149402390438247	0.02954847277556441	0.00298804780876494	0.07071713147410359	0.03386454183266933	0.03615048496365525	3
6	Actinobacteria-Eggerthella	0.00199203187250996	0.0026560424966799467	0.00199203187250996	0.00398406374501992	9.9601593625498e-4	0.0011501001378279396	3
6	Actinobacteria-Other	0.00199203187250996	0.00298804780876494	9.9601593625498e-4	0.00697211155378486	0.00298804780876494	0.002439730819505157	6
6	Bacteroidetes-Alistipes	0.03286852589641434	0.04946879150066401	0.03087649402390438	0.0846613545816733	0.02689243027888446	0.03049392431130155	3
6	Bacteroidetes-Bacteroides	0.01394422310756972	0.011952191235059759	0.00199203187250996	0.02191235059760956	0.01394422310756972	0.008683065624583014	5
6	Bacteroidetes-Other	9.9601593625498e-4	0.006772908366533863	9.9601593625498e-4	0.02788844621513944	0.00199203187250996	0.011835418946225454	5
6	Bacteroidetes-Parabacteroides	0.00298804780876494	0.033532536520584334	9.9601593625498e-4	0.09661354581673308	0.04780876494023905	0.054638835530333885	3
6	Bacteroidetes-Prevotella 9	0.02788844621513944	0.02788844621513944	0.02191235059760956	0.03386454183266932	0.005976095617529879	0.008451475472349174	2
6	Firmicutes-Blautia	0.10856573705179284	0.0950199203187251	0.00697211155378486	0.17828685258964144	0.08366533864541832	0.0678373870426662	5
6	Firmicutes-Enterococcus	0.0049800796812749	0.05776892430278884	9.9601593625498e-4	0.19721115537848605	0.09760956175298804	0.08389426720662414	7
6	Firmicutes-Erysipelatoclostridium	0.005478087649402391	0.022609561752988047	9.9601593625498e-4	0.08565737051792828	0.021414342629482067	0.02981418793994104	10
6	Firmicutes-Faecalibacterium	0.0099601593625498	0.009711155378486054	9.9601593625498e-4	0.01792828685258964	0.007221115537848604	0.007107162891303998	4
6	Firmicutes-Lactobacillus	0.0149402390438247	0.043977934416181426	9.9601593625498e-4	0.32270916334661354	0.03585657370517928	0.08564370910260527	13
6	Firmicutes-Other	0.00398406374501992	0.012469501837610808	9.9601593625498e-4	0.10358565737051792	0.01195219123505976	0.019918023388984123	129
6	Firmicutes-Streptococcus	0.0149402390438247	0.05369431365447301	0.00199203187250996	0.24203187250996017	0.074203187250996	0.0754865155207392	11
6	Firmicutes-Unknown	0.00249003984063745	0.05165054069436539	9.9601593625498e-4	0.2231075697211155	0.041583665338645416	0.0875028874809668	14
6	Firmicutes-Veillonella	0.04083665338645418	0.056410720753350234	9.9601593625498e-4	0.2051792828685259	0.07221115537848606	0.06283001273029507	11
6	Other-Cloacibacillus	0.03784860557768924	0.03784860557768924	0.03784860557768924	0.03784860557768924	0	NA	1
6	Other-Fusobacterium	0.00796812749003984	0.02656042496679947	9.9601593625498e-4	0.08067729083665338	0.04780876494023904	0.031323078074733834	9
6	Other-Other	0.00398406374501992	0.049800796812749	9.9601593625498e-4	0.18824701195219123	0.06075697211155378	0.0765912940858215	9
6	Other-Unknown	9.9601593625498e-4	9.9601593625498e-4	9.9601593625498e-4	9.9601593625498e-4	0	0	2
6	Proteobacteria-Bilophila	0.01593625498007968	0.01593625498007968	0.01593625498007968	0.01593625498007968	0	NA	1
6	Proteobacteria-Escherichia-Shigella	0.03884462151394422	0.08556682361463237	0.00199203187250996	0.4382470119521912	0.05328685258964143	0.1261826441263076	11
6	Proteobacteria-Haemophilus	0.02191235059760956	0.02191235059760956	0.00697211155378486	0.03685258964143426	0.014940239043824698	0.02112868868087293	2
6	Proteobacteria-Morganella	0.00298804780876494	0.01842629482071713	9.9601593625498e-4	0.06673306772908366	0.01942231075697211	0.032259232551198495	4
6	Proteobacteria-Other	0.00249003984063745	0.003859561752988048	9.9601593625498e-4	0.0149402390438247	0.0014940239043824699	0.00459333535955938	8
6	Proteobacteria-Parasutterella	0.00647410358565737	0.00647410358565737	0.00298804780876494	0.0099601593625498	0.005478087649402389	0.0034978930122353045	4
6	Proteobacteria-Proteus	0.00946215139442231	0.0099601593625498	9.9601593625498e-4	0.0199203187250996	0.005478087649402391	0.007757849565436867	4
6	Proteobacteria-Sutterella	0.02689243027888446	0.02689243027888446	0.02689243027888446	0.02689243027888446	0	NA	1
6	Proteobacteria-Unknown	0.04332669322709163	0.09398121798520205	9.9601593625498e-4	0.2898406374501992	0.1897410358565737	0.10733650211596757	14
6	Verrucomicrobia-Akkermansia	0.32270916334661354	0.3550085372794536	0.18426294820717132	0.5966135458167331	0.1902390438247012	0.11922319032184957	14
7	Actinobacteria-Bifidobacterium	0.00199203187250996	0.00398406374501992	9.9601593625498e-4	0.01195219123505976	0.00298804780876494	0.0046183359041313266	5
7	Actinobacteria-Collinsella	0.005478087649402391	0.005478087649402391	9.9601593625498e-4	0.0099601593625498	0.004482071713147411	0.00633860660426188	2
7	Actinobacteria-Other	9.9601593625498e-4	0.00149402390438247	9.9601593625498e-4	0.00298804780876494	4.9800796812749e-4	9.9601593625498e-4	4
7	Actinobacteria-Unknown	9.9601593625498e-4	9.9601593625498e-4	9.9601593625498e-4	9.9601593625498e-4	0	NA	1
7	Bacteroidetes-Bacteroides	9.9601593625498e-4	0.02029382470119522	9.9601593625498e-4	0.150398406374502	0.0017430278884462153	0.052588287255550994	8
7	Bacteroidetes-Other	0.00149402390438247	0.004233067729083665	9.9601593625498e-4	0.01294820717131474	0.004233067729083665	0.005127305847105079	8
7	Bacteroidetes-Parabacteroides	9.9601593625498e-4	9.9601593625498e-4	9.9601593625498e-4	9.9601593625498e-4	0	NA	1
7	Firmicutes-Enterococcus	0.00896414342629482	0.011703187250996016	9.9601593625498e-4	0.02788844621513944	0.018675298804780874	0.013147787631916418	4
7	Firmicutes-Erysipelatoclostridium	0.02091633466135458	0.029738190096755834	9.9601593625498e-4	0.12250996015936257	0.02788844621513944	0.04292288881331348	7
7	Firmicutes-Lactobacillus	0.03386454183266932	0.04826149945671858	0.00697211155378486	0.17430278884462153	0.046314741035856574	0.0483049526012717	11
7	Firmicutes-Other	0.00398406374501992	0.009683488269145647	9.9601593625498e-4	0.08864541832669323	0.009960159362549799	0.014586534684678193	90
7	Firmicutes-Streptococcus	0.00597609561752988	0.020101412531691416	9.9601593625498e-4	0.07669322709163347	0.02141434262948207	0.02433957351750641	11
7	Firmicutes-Unknown	0.0049800796812749	0.016185258964143426	9.9601593625498e-4	0.10258964143426295	0.009462151394422311	0.026852355919669932	20
7	Firmicutes-Veillonella	0.022410358565737053	0.028220451527224435	0.00398406374501992	0.07370517928286853	0.030627490039840645	0.022733825310202564	12
7	Other-Cetobacterium	0.5936254980079682	0.5936254980079682	0.5936254980079682	0.5936254980079682	0	NA	1
7	Other-Cloacibacillus	0.1603585657370518	0.16155378486055777	0.04681274900398406	0.24601593625498008	0.099601593625498	0.08024390506604974	5
7	Other-Fusobacterium	0.4038844621513944	0.407655093910074	0.0099601593625498	0.6852589641434262	0.21165338645418325	0.17381742701821498	14
7	Other-Other	0.014940239043824698	0.02539840637450199	9.9601593625498e-4	0.07470119521912351	0.034611553784860555	0.029030063031453526	6
7	Proteobacteria-Bilophila	0.02788844621513944	0.026095617529880474	9.9601593625498e-4	0.049800796812749	0.029880478087649404	0.020258582186811744	5
7	Proteobacteria-Enterobacter	0.00298804780876494	0.02731929425156517	9.9601593625498e-4	0.1752988047808765	9.9601593625498e-4	0.06525958726571877	7
7	Proteobacteria-Escherichia-Shigella	0.01693227091633466	0.021299417713760344	0.00398406374501992	0.07868525896414343	0.01693227091633466	0.020365779814442205	13
7	Proteobacteria-Haemophilus	0.00298804780876494	0.00298804780876494	9.9601593625498e-4	0.0049800796812749	0.00199203187250996	0.002817158490783058	2
7	Proteobacteria-Morganella	0.05776892430278884	0.05776892430278884	0.00199203187250996	0.11354581673306773	0.05577689243027888	0.07888043774192562	2
7	Proteobacteria-Other	0.00298804780876494	0.0065073041168658705	9.9601593625498e-4	0.02290836653386454	0.00199203187250996	0.008220831566062084	15
7	Proteobacteria-Parasutterella	0.03286852589641434	0.043625498007968125	0.0099601593625498	0.07569721115537849	0.04980079681274901	0.02997495025674867	5
7	Proteobacteria-Proteus	0.0049800796812749	0.02004482071713147	9.9601593625498e-4	0.1095617529880478	0.01593625498007968	0.036898468189030066	8
7	Proteobacteria-Sutterella	0.03934262948207171	0.04780876494023904	0.00896414342629482	0.10358565737051792	0.03934262948207171	0.0407515389352167	4
7	Proteobacteria-Unknown	0.15189243027888447	0.13327938247011953	0.01195219123505976	0.25697211155378485	0.16235059760956178	0.08555942603604964	16
7	Verrucomicrobia-Akkermansia	0.1942231075697211	0.14774236387782205	9.9601593625498e-4	0.24800796812749004	0.12350597609561753	0.12990023395646852	3
8	Actinobacteria-Bifidobacterium	0.00796812749003984	0.024046670461013088	9.9601593625498e-4	0.1344621513944223	0.005478087649402389	0.0487994568857641	7
8	Actinobacteria-Collinsella	0.00896414342629482	0.00896414342629482	0.00896414342629482	0.00896414342629482	0	NA	1
8	Actinobacteria-Eggerthella	0.01892430278884462	0.01892430278884462	0.00199203187250996	0.03585657370517928	0.01693227091633466	0.02394584717165599	2
8	Actinobacteria-Other	9.9601593625498e-4	0.0011492491572172847	9.9601593625498e-4	0.00199203187250996	0	3.740376574695273e-4	13
8	Bacteroidetes-Alistipes	0.01045816733067729	0.015189243027888445	0.00298804780876494	0.04581673306772908	0.00796812749003984	0.014012658313503373	8
8	Bacteroidetes-Bacteroides	0.3311752988047809	0.31394422310756975	0.00597609561752988	0.7191235059760956	0.21538844621513947	0.17724094048376168	20
8	Bacteroidetes-Other	0.00149402390438247	0.01563745019920319	9.9601593625498e-4	0.09760956175298804	0.014940239043824702	0.02996906596488033	10
8	Bacteroidetes-Parabacteroides	0.20019920318725096	0.2326846460312596	0.0099601593625498	0.7111553784860558	0.17828685258964144	0.21547792070346466	13
8	Bacteroidetes-Prevotella 9	9.9601593625498e-4	9.9601593625498e-4	9.9601593625498e-4	9.9601593625498e-4	0	NA	1
8	Firmicutes-Agathobacter	9.9601593625498e-4	9.9601593625498e-4	9.9601593625498e-4	9.9601593625498e-4	0	NA	1
8	Firmicutes-Blautia	0.00249003984063745	0.010126162018592297	9.9601593625498e-4	0.03685258964143426	0.012201195219123504	0.014453103019646136	6
8	Firmicutes-Enterococcus	0.0099601593625498	0.05440737051792828	0.00298804780876494	0.1643426294820717	0.10732071713147409	0.06857530196559719	8
8	Firmicutes-Erysipelatoclostridium	0.0298804780876494	0.03555776892430279	0.00398406374501992	0.0906374501992032	0.02564741035856574	0.02954306320507808	10
8	Firmicutes-Faecalibacterium	0.0034860557768924302	0.0034860557768924302	9.9601593625498e-4	0.00597609561752988	0.0024900398406374497	0.003521448113478822	2
8	Firmicutes-Lactobacillus	0.01195219123505976	0.04804312163112256	9.9601593625498e-4	0.23107569721115537	0.04780876494023905	0.06985130258922677	17
8	Firmicutes-Other	0.0049800796812749	0.015533372129459723	9.9601593625498e-4	0.2241035856573705	0.01792828685258964	0.027402368032949185	178
8	Firmicutes-Streptococcus	0.00398406374501992	0.02283722253841776	9.9601593625498e-4	0.21613545816733068	0.004482071713147411	0.05659650250631697	14
8	Firmicutes-Unknown	0.00697211155378486	0.015139442231075695	9.9601593625498e-4	0.11653386454183266	0.01643426294820717	0.02301399636392698	30
8	Firmicutes-Veillonella	0.0249003984063745	0.038082962268572766	9.9601593625498e-4	0.1752988047808765	0.03884462151394422	0.0487813096710821	17
8	Other-Cetobacterium	9.9601593625498e-4	9.9601593625498e-4	9.9601593625498e-4	9.9601593625498e-4	0	NA	1
8	Other-Cloacibacillus	0.05976095617529881	0.05876494023904383	0.00398406374501992	0.11254980079681276	0.05428286852589642	0.05428972141399062	3
8	Other-Fusobacterium	0.01095617529880478	0.06465803452855244	9.9601593625498e-4	0.3904382470119522	0.04083665338645418	0.12314725329527786	12
8	Other-Other	0.00249003984063745	0.005478087649402391	9.9601593625498e-4	0.02589641434262948	0.00298804780876494	0.008484946793327019	8
8	Other-Unknown	9.9601593625498e-4	0.00149402390438247	9.9601593625498e-4	0.00298804780876494	4.9800796812749e-4	9.9601593625498e-4	4
8	Proteobacteria-Bilophila	0.00398406374501992	0.004869411243913236	9.9601593625498e-4	0.01394422310756972	0.00398406374501992	0.00460339462943627	9
8	Proteobacteria-Enterobacter	0.00199203187250996	0.0036520584329349268	9.9601593625498e-4	0.00796812749003984	0.0034860557768924302	0.003770855475298986	3
8	Proteobacteria-Escherichia-Shigella	0.04083665338645418	0.08677056479962503	0.00298804780876494	0.34163346613545814	0.08864541832669323	0.09428928514031062	17
8	Proteobacteria-Haemophilus	9.9601593625498e-4	0.001394422310756972	9.9601593625498e-4	0.00298804780876494	0	8.908637360556932e-4	5
8	Proteobacteria-Morganella	0.00398406374501992	0.009960159362549799	9.9601593625498e-4	0.03087649402390438	0.008964143426294821	0.014038761296059743	4
8	Proteobacteria-Other	9.9601593625498e-4	0.005818829943384357	9.9601593625498e-4	0.03386454183266932	0.0059760956175298795	0.008996444422518365	19
8	Proteobacteria-Parasutterella	0.04083665338645418	0.0566622399291722	0.00298804780876494	0.1533864541832669	0.05776892430278885	0.05262755476359907	9
8	Proteobacteria-Proteus	0.00298804780876494	0.004553215708594195	9.9601593625498e-4	0.01195219123505976	0.00398406374501992	0.0038082533041445313	7
8	Proteobacteria-Sutterella	0.02290836653386454	0.030323151837096062	9.9601593625498e-4	0.09561752988047809	0.03784860557768924	0.030100085718369442	9
8	Proteobacteria-Unknown	0.014442231075697209	0.047518260292164674	9.9601593625498e-4	0.2340637450199203	0.0734561752988048	0.06212518321538192	24
8	Verrucomicrobia-Akkermansia	0.05378486055776892	0.09704040978941376	9.9601593625498e-4	0.26593625498007967	0.14043824701195218	0.10188754118516583	7
9	Actinobacteria-Bifidobacterium	0.00398406374501992	0.0033200531208499337	9.9601593625498e-4	0.0049800796812749	0.0019920318725099597	0.002073372509428419	3
9	Actinobacteria-Collinsella	9.9601593625498e-4	9.9601593625498e-4	9.9601593625498e-4	9.9601593625498e-4	0	NA	1
9	Actinobacteria-Eggerthella	9.9601593625498e-4	9.9601593625498e-4	9.9601593625498e-4	9.9601593625498e-4	0	NA	1
9	Actinobacteria-Other	9.9601593625498e-4	0.0017430278884462151	9.9601593625498e-4	0.00398406374501992	7.47011952191235e-4	0.0014940239043824699	4
9	Bacteroidetes-Alistipes	0.02290836653386454	0.05398406374501992	0.00199203187250996	0.1344621513944223	0.10258964143426297	0.06207105467381866	5
9	Bacteroidetes-Bacteroides	0.00597609561752988	0.04293935369632581	9.9601593625498e-4	0.15438247011952191	0.08665338645418329	0.05780850333196953	9
9	Bacteroidetes-Other	0.00199203187250996	0.028685258964143423	0.00199203187250996	0.11155378486055775	0.02390438247011952	0.04746723964026185	5
9	Bacteroidetes-Parabacteroides	0.06772908366533864	0.12521343198634036	0.0099601593625498	0.3396414342629482	0.15687250996015936	0.1292426971693266	7
9	Bacteroidetes-Prevotella 9	0.1603585657370518	0.1603585657370518	0.1603585657370518	0.1603585657370518	0	NA	1
9	Firmicutes-Agathobacter	9.9601593625498e-4	9.9601593625498e-4	9.9601593625498e-4	9.9601593625498e-4	0	NA	1
9	Firmicutes-Blautia	0.00199203187250996	0.00199203187250996	9.9601593625498e-4	0.00298804780876494	4.980079681274898e-4	8.132436065017192e-4	4
9	Firmicutes-Enterococcus	0.00896414342629482	0.01294820717131474	0.00199203187250996	0.03187250996015936	0.008964143426294821	0.013062626542434263	4
9	Firmicutes-Erysipelatoclostridium	0.00448207171314741	0.017679282868525895	9.9601593625498e-4	0.06772908366533864	0.01643426294820717	0.02668212844471894	8
9	Firmicutes-Faecalibacterium	0.00199203187250996	0.00199203187250996	9.9601593625498e-4	0.00298804780876494	9.9601593625498e-4	9.9601593625498e-4	3
9	Firmicutes-Lactobacillus	0.00597609561752988	0.035473490652773526	9.9601593625498e-4	0.19322709163346613	0.01394422310756972	0.06665192295247238	13
9	Firmicutes-Other	0.00398406374501992	0.01479921023869125	9.9601593625498e-4	0.13645418326693226	0.01294820717131474	0.02574095892899841	113
9	Firmicutes-Streptococcus	0.00448207171314741	0.013695219123505976	9.9601593625498e-4	0.06573705179282868	0.01294820717131474	0.0202931650312855	12
9	Firmicutes-Unknown	0.00448207171314741	0.017468587189702726	9.9601593625498e-4	0.0906374501992032	0.020667330677290832	0.025134723370628425	26
9	Firmicutes-Veillonella	0.00398406374501992	0.022908366533864546	9.9601593625498e-4	0.1254980079681275	0.02390438247011952	0.03818133263363097	13
9	Other-Cetobacterium	9.9601593625498e-4	9.9601593625498e-4	9.9601593625498e-4	9.9601593625498e-4	0	NA	1
9	Other-Cloacibacillus	0.07221115537848605	0.10607569721115537	0.00597609561752988	0.2739043824701195	0.12300796812749001	0.120097386185283	4
9	Other-Fusobacterium	0.01294820717131474	0.03630930822165882	9.9601593625498e-4	0.1304780876494024	0.060756972111553786	0.04678596257531984	11
9	Other-Other	0.00199203187250996	0.00199203187250996	9.9601593625498e-4	0.00298804780876494	9.960159362549796e-4	0.001408579245391529	2
9	Proteobacteria-Bilophila	0.00796812749003984	0.01593625498007968	0.00199203187250996	0.07171314741035857	0.00896414342629482	0.02501963483482166	7
9	Proteobacteria-Enterobacter	0.00199203187250996	0.004537405931828243	9.9601593625498e-4	0.0149402390438247	0.00298804780876494	0.005202005184592429	9
9	Proteobacteria-Escherichia-Shigella	0.04083665338645418	0.05686345526982977	0.00298804780876494	0.21115537848605576	0.046314741035856574	0.06456988493443896	11
9	Proteobacteria-Other	0.00199203187250996	0.0027164070988772186	9.9601593625498e-4	0.00597609561752988	0.00199203187250996	0.0018414666887194727	11
9	Proteobacteria-Parasutterella	0.00796812749003984	0.016334661354581673	0.00199203187250996	0.04780876494023904	0.01792828685258964	0.019140617344527985	5
9	Proteobacteria-Proteus	0.0049800796812749	0.0047310756972111555	9.9601593625498e-4	0.00796812749003984	0.006225099601593625	0.0037598777068081424	4
9	Proteobacteria-Sutterella	0.04432270916334661	0.04556772908366534	0.00298804780876494	0.0906374501992032	0.03909362549800797	0.03701263656614854	4
9	Proteobacteria-Unknown	0.09810756972111553	0.10292164674634795	9.9601593625498e-4	0.3207171314741036	0.0874003984063745	0.08566963249037339	18
9	Verrucomicrobia-Akkermansia	0.3426294820717131	0.40763612217795486	0.18426294820717132	0.7689243027888446	0.2171314741035857	0.16810573520373487	15
unClustered	Actinobacteria-Bifidobacterium	0.00697211155378486	0.06004553215708593	9.9601593625498e-4	0.8685258964143426	0.019920318725099598	0.18769051337657106	21
unClustered	Actinobacteria-Collinsella	0.00597609561752988	0.010624169986719787	0.00298804780876494	0.02290836653386454	0.009960159362549799	0.010742821837558722	3
unClustered	Actinobacteria-Eggerthella	0.00398406374501992	0.005122367672168469	9.9601593625498e-4	0.0149402390438247	0.0049800796812748994	0.004927631233645521	7
unClustered	Actinobacteria-Other	9.9601593625498e-4	0.003272623790552077	9.9601593625498e-4	0.01693227091633466	0.00298804780876494	0.004120459750419873	21
unClustered	Actinobacteria-Unknown	0.00149402390438247	0.0018675298804780877	9.9601593625498e-4	0.0049800796812749	9.9601593625498e-4	0.0013507994839248383	8
unClustered	Bacteroidetes-Alistipes	0.00796812749003984	0.08326693227091633	9.9601593625498e-4	0.27689243027888444	0.12649402390438247	0.12101614119635722	5
unClustered	Bacteroidetes-Bacteroides	0.01145418326693227	0.06485170429393536	9.9601593625498e-4	0.4312749003984064	0.08939243027888447	0.10784868267690552	18
unClustered	Bacteroidetes-Other	0.00199203187250996	0.011827689243027892	9.9601593625498e-4	0.1195219123505976	0.002241035856573705	0.03041329945211933	16
unClustered	Bacteroidetes-Parabacteroides	0.00199203187250996	0.03894422310756972	9.9601593625498e-4	0.3466135458167331	0.0069721115537848604	0.10832784386339488	10
unClustered	Bacteroidetes-Prevotella 9	0.4850597609561753	0.4850597609561753	0.4850597609561753	0.4850597609561753	0	NA	1
unClustered	Firmicutes-Agathobacter	0.0199203187250996	0.028685258964143426	9.9601593625498e-4	0.07171314741035857	0.044820717131474105	0.030499888044767012	5
unClustered	Firmicutes-Blautia	0.01444223107569721	0.058578187250996026	9.9601593625498e-4	0.2350597609561753	0.07420318725099603	0.07881855231266095	16
unClustered	Firmicutes-Enterococcus	0.01842629482071713	0.038014608233731734	9.9601593625498e-4	0.19123505976095617	0.04531872509960159	0.05626673361580923	18
unClustered	Firmicutes-Erysipelatoclostridium	0.0099601593625498	0.03357996585088219	9.9601593625498e-4	0.11553784860557768	0.05079681274900398	0.03558181424027137	21
unClustered	Firmicutes-Faecalibacterium	0.00199203187250996	0.013944223107569721	9.9601593625498e-4	0.05876494023904383	0.00896414342629482	0.022647045818530023	9
unClustered	Firmicutes-Lactobacillus	0.053784860557768925	0.0852976980965029	9.9601593625498e-4	0.2908366533864542	0.10981075697211155	0.08086771542203805	36
unClustered	Firmicutes-Other	0.0049800796812749	0.018524556482589834	9.9601593625498e-4	0.34163346613545814	0.016683266932270915	0.03520584371822933	446
unClustered	Firmicutes-Streptococcus	0.00647410358565737	0.01840258015556821	9.9601593625498e-4	0.13844621513944222	0.01792828685258964	0.027985655656160756	42
unClustered	Firmicutes-Unknown	0.00597609561752988	0.028910905052356925	9.9601593625498e-4	0.5448207171314741	0.020916334661354577	0.06611144005268271	113
unClustered	Firmicutes-Veillonella	0.07171314741035857	0.0836368810472396	9.9601593625498e-4	0.2958167330677291	0.11703187250996015	0.07536595310657046	35
unClustered	Other-Cetobacterium	0.2749003984063745	0.2749003984063745	0.2749003984063745	0.2749003984063745	0	NA	1
unClustered	Other-Cloacibacillus	0.07370517928286853	0.08964143426294821	0.02888446215139442	0.16633466135458166	0.06872509960159362	0.07009716458132632	3
unClustered	Other-Fusobacterium	0.09611553784860558	0.11659611553784863	9.9601593625498e-4	0.33665338645418325	0.18824701195219123	0.10893546315068398	32
unClustered	Other-Other	0.0049800796812749	0.008439924512476412	9.9601593625498e-4	0.0298804780876494	0.010956175298804782	0.009386820783230594	19
unClustered	Other-Unknown	0.00298804780876494	0.17148074369189908	9.9601593625498e-4	1	0.013944223107569721	0.4059526444177894	6
unClustered	Proteobacteria-Bilophila	0.02091633466135458	0.025283481458780264	9.9601593625498e-4	0.09661354581673308	0.02290836653386454	0.02752303550559911	13
unClustered	Proteobacteria-Enterobacter	0.022908366533864542	0.027105862265224816	0.00298804780876494	0.07470119521912351	0.04058764940239043	0.023261015284340204	14
unClustered	Proteobacteria-Escherichia-Shigella	0.03137450199203187	0.06396289840637451	9.9601593625498e-4	0.3057768924302789	0.07744023904382472	0.08161323156885363	32
unClustered	Proteobacteria-Haemophilus	0.0049800796812748994	0.024302788844621514	9.9601593625498e-4	0.1942231075697211	0.00796812749003984	0.05992157844832568	10
unClustered	Proteobacteria-Morganella	9.9601593625498e-4	0.0013280212483399733	9.9601593625498e-4	0.00199203187250996	4.9800796812749e-4	5.750500689139698e-4	3
unClustered	Proteobacteria-Other	0.00249003984063745	0.017475552336110107	9.9601593625498e-4	0.1832669322709163	0.0049800796812749	0.04306762210727827	22
unClustered	Proteobacteria-Parasutterella	0.0099601593625498	0.051979581673306775	9.9601593625498e-4	0.2400398406374502	0.07868525896414344	0.07437264512759362	16
unClustered	Proteobacteria-Proteus	0.00697211155378486	0.012109456909205285	9.9601593625498e-4	0.04282868525896414	0.0149402390438247	0.013734202065402436	19
unClustered	Proteobacteria-Sutterella	0.08167330677290836	0.08853474988933156	9.9601593625498e-4	0.19820717131474103	0.06274900398406374	0.06800397629640098	9
unClustered	Proteobacteria-Unknown	0.17729083665338646	0.20873111328271815	9.9601593625498e-4	0.6424302788844621	0.2729083665338645	0.1815234718432442	53
unClustered	Verrucomicrobia-Akkermansia	0.030876494023904376	0.09092202618099032	9.9601593625498e-4	0.24302788844621517	0.20493027888446214	0.10477626524620093	14
